hello kitty1.jpg	hello kitty
hello kitty2.jpg	hello kitty
hello kitty3.jpg	hello kitty
hello kitty4.jpg	hello kitty
hello kitty5.jpg	hello kitty
poney6.jpg	poney
poney7.jpg	poney
poney8.jpg	poney
poney13.jpg	poney
unicorn14.jpg	unicorn
unicorn16.jpg	unicorn
unicorn17.jpg	unicorn
lego1.jpg	lego
lego2.jpg	lego
lego3.jpg	lego
lego4.jpg	lego
lego5.jpg	lego
lego18.jpg	lego
lego19.jpg	lego
lego20.jpg	lego
lego21.jpg	lego
lego22.jpg	lego
lego23.jpg	lego
lego24.jpg	lego
lego25.jpg	lego
macarons26.jpg	macarons
macarons27.jpg	macarons
macarons28.jpg	macarons
macarons29.jpg	macarons
wood30.jpg	wood
wood31.jpg	wood
wood32.jpg	wood
wood33.jpg	wood
wood34.jpg	wood
wood35.jpg	wood
wood36.jpg	wood
wood37.jpg	wood